,show me the trainee headcount split,trainee headcount,trainee headcount split over years,what is the headcount split in the trainee segment,what is the trainee headcount split
show me the trainee headcount split,0.0,0.19264345230992064,0.18447963735201012,0.12397234220150688,0.11976341699283122
trainee headcount,0.19264345230992064,0.0,0.22990861858333278,0.15383966737274735,0.14640475582773937
trainee headcount split over years,0.18447963735201012,0.22990861858333278,0.0,0.2035274287433504,0.1585291200447011
what is the headcount split in the trainee segment,0.12397234220150688,0.15383966737274735,0.2035274287433504,0.0,0.032721343197713026
what is the trainee headcount split,0.11976341699283122,0.14640475582773937,0.1585291200447011,0.032721343197713026,0.0
