,Darwinbox privacy policy,privacy policy,view Darwinbox privacy policy,view privacy policy,what is data protection policy
Darwinbox privacy policy,2.220446049250313e-16,0.3912185410610386,0.057276690220273485,0.4354555653994946,0.624501027288014
privacy policy,0.3912185410610386,1.1102230246251565e-16,0.3984162927677989,0.1424729476548139,0.4287026128095346
view Darwinbox privacy policy,0.057276690220273485,0.3984162927677989,0.0,0.31487415281593756,0.6250178183135124
view privacy policy,0.4354555653994946,0.1424729476548139,0.31487415281593756,0.0,0.48603967313668095
what is data protection policy,0.624501027288014,0.4287026128095346,0.6250178183135124,0.48603967313668095,0.0
