,View work anniversary list,view annivarsary list for tommorow,view work anniversary,view work anniversary list,who has work anniversary,work anniversary,work anniversary list on 29 december
View work anniversary list,0.0,0.5468234399532509,0.10330272779824312,0.0,0.26573148771963206,0.32237100690820697,0.2503906985462341
view annivarsary list for tommorow,0.5468234399532509,0.0,0.651729027384882,0.5468234399532509,0.8708812166178435,0.8713759826055647,0.7532896387171655
view work anniversary,0.10330272779824312,0.651729027384882,2.220446049250313e-16,0.10330272779824312,0.21742787016377663,0.23163958671524476,0.3274723517524898
view work anniversary list,0.0,0.5468234399532509,0.10330272779824312,0.0,0.26573148771963206,0.32237100690820697,0.2503906985462341
who has work anniversary,0.26573148771963206,0.8708812166178435,0.21742787016377663,0.26573148771963206,0.0,0.1348436447152913,0.2646586140294077
work anniversary,0.32237100690820697,0.8713759826055647,0.23163958671524476,0.32237100690820697,0.1348436447152913,0.0,0.2673720121731339
work anniversary list on 29 december,0.2503906985462341,0.7532896387171655,0.3274723517524898,0.2503906985462341,0.2646586140294077,0.2673720121731339,1.1102230246251565e-16
