,Company Values,Darwinbox terms of use,Terms of use,View Darwinbox terms of use,View terms of use,view terms of use
Company Values,0.0,0.9389074690267909,0.8258576156081834,0.935711915336682,0.8687659626548793,0.8687659626548793
Darwinbox terms of use,0.9389074690267909,0.0,0.5185748592561824,0.08706309014204983,0.5865871939620239,0.5865871939620239
Terms of use,0.8258576156081834,0.5185748592561824,0.0,0.52932215892915,0.2696546260226771,0.2696546260226771
View Darwinbox terms of use,0.935711915336682,0.08706309014204983,0.52932215892915,2.220446049250313e-16,0.3863797228486886,0.3863797228486886
View terms of use,0.8687659626548793,0.5865871939620239,0.2696546260226771,0.3863797228486886,1.1102230246251565e-16,1.1102230246251565e-16
view terms of use,0.8687659626548793,0.5865871939620239,0.2696546260226771,0.3863797228486886,1.1102230246251565e-16,1.1102230246251565e-16
