,declare IT returns,income tax declaration,income tax proofs,it declaration,tax declaration,view it declaration
declare IT returns,0.0,0.6549010604615335,0.8546915546894499,0.39392872948003155,0.6209399167488144,0.4744177464721526
income tax declaration,0.6549010604615335,1.1102230246251565e-16,0.2987822502572699,0.5859508899333233,0.06508662895630324,0.6739481153080403
income tax proofs,0.8546915546894499,0.2987822502572699,0.0,0.8303795780737071,0.350252927804397,0.8811913760060266
it declaration,0.39392872948003155,0.5859508899333233,0.8303795780737071,1.1102230246251565e-16,0.5580429058764282,0.32999522950575444
tax declaration,0.6209399167488144,0.06508662895630324,0.350252927804397,0.5580429058764282,2.220446049250313e-16,0.6493603240420611
view it declaration,0.4744177464721526,0.6739481153080403,0.8811913760060266,0.32999522950575444,0.6493603240420611,2.220446049250313e-16
