,Show me how wage cost is changing,Show me wage cost trend,show me wage cost trend,wage cost trend over years,wagecost trend,what is the trend of wage cost,what is the wage cost trned,what is wage cost trend
Show me how wage cost is changing,0.0,0.12942424312297296,0.12942424312297296,0.22004024663149357,0.3608835311826555,0.19191219797966297,0.3046817767180092,0.23166894381010883
Show me wage cost trend,0.12942424312297296,0.0,0.0,0.11300506468882443,0.27228531606044315,0.12393301948722879,0.37912795733142,0.1288832565188357
show me wage cost trend,0.12942424312297296,0.0,0.0,0.11300506468882443,0.27228531606044315,0.12393301948722879,0.37912795733142,0.1288832565188357
wage cost trend over years,0.22004024663149357,0.11300506468882443,0.11300506468882443,0.0,0.28901310813110037,0.12612371740126194,0.414690805935384,0.12365386415966062
wagecost trend,0.3608835311826555,0.27228531606044315,0.27228531606044315,0.28901310813110037,0.0,0.22585373875013248,0.5043805545030887,0.2283942697793484
what is the trend of wage cost,0.19191219797966297,0.12393301948722879,0.12393301948722879,0.12612371740126194,0.22585373875013248,2.220446049250313e-16,0.3085959518165299,0.03150656835883847
what is the wage cost trned,0.3046817767180092,0.37912795733142,0.37912795733142,0.414690805935384,0.5043805545030887,0.3085959518165299,0.0,0.34567232416656724
what is wage cost trend,0.23166894381010883,0.1288832565188357,0.1288832565188357,0.12365386415966062,0.2283942697793484,0.03150656835883847,0.34567232416656724,0.0
